{
  "project_info": {
    "project_number": "292169950031",
    "firebase_url": "https://phoenixchatmessenger.firebaseio.com",
    "project_id": "phoenixchatmessenger",
    "storage_bucket": "phoenixchatmessenger.appspot.com"
  },
  "client": [
    {
      "client_info": {
        "mobilesdk_app_id": "1:292169950031:android:f550cad040a32c70961b3a",
        "android_client_info": {
          "package_name": "com.farjad.phoenixchatmessenger"
        }
      },
      "oauth_client": [
        {
          "client_id": "292169950031-o69l74g6uvgouebapu3s74505va775a6.apps.googleusercontent.com",
          "client_type": 3
        }
      ],
      "api_key": [
        {
          "current_key": "AIzaSyAkA_1c7_uNmrELEPZnt_9fO47x162JyBk"
        }
      ],
      "services": {
        "appinvite_service": {
          "other_platform_oauth_client": [
            {
              "client_id": "292169950031-o69l74g6uvgouebapu3s74505va775a6.apps.googleusercontent.com",
              "client_type": 3
            }
          ]
        }
      }
    }
  ],
  "configuration_version": "1"
}